Equipo,1993-94_Division,1993-94_Pos,1993-94_Pts,1994-95_Division,1994-95_Pos,1994-95_Pts,1995-96_Division,1995-96_Pos,1995-96_Pts,1996-97_Division,1996-97_Pos,1996-97_Pts,1997-98_Division,1997-98_Pos,1997-98_Pts,1998-99_Division,1998-99_Pos,1998-99_Pts,1999-00_Division,1999-00_Pos,1999-00_Pts,2000-01_Division,2000-01_Pos,2000-01_Pts,2001-02_Division,2001-02_Pos,2001-02_Pts,2002-03_Division,2002-03_Pos,2002-03_Pts,2003-04_Division,2003-04_Pos,2003-04_Pts,2004-05_Division,2004-05_Pos,2004-05_Pts,2005-06_Division,2005-06_Pos,2005-06_Pts,2006-07_Division,2006-07_Pos,2006-07_Pts,2007-08_Division,2007-08_Pos,2007-08_Pts,2008-09_Division,2008-09_Pos,2008-09_Pts,2009-10_Division,2009-10_Pos,2009-10_Pts,2010-11_Division,2010-11_Pos,2010-11_Pts,2011-12_Division,2011-12_Pos,2011-12_Pts,2012-13_Division,2012-13_Pos,2012-13_Pts,2013-14_Division,2013-14_Pos,2013-14_Pts,2014-15_Division,2014-15_Pos,2014-15_Pts,2015-16_Division,2015-16_Pos,2015-16_Pts,2016-17_Division,2016-17_Pos,2016-17_Pts,2017-18_Division,2017-18_Pos,2017-18_Pts,2018-19_Division,2018-19_Pos,2018-19_Pts,2019-20_Division,2019-20_Pos,2019-20_Pts,2020-21_Division,2020-21_Pos,2020-21_Pts,2021-22_Division,2021-22_Pos,2021-22_Pts,2022-23_Division,2022-23_Pos,2022-23_Pts,2023-24_Division,2023-24_Pos,2023-24_Pts,2024-25_Division,2024-25_Pos,2024-25_Pts,Total_Temporadas,Divisiones_Jugadas,Mejor_Division,Mejor_Posicion_Global
Southampton,Premier League,18.0,43.0,Premier League,10.0,54.0,Premier League,17.0,38.0,Premier League,17.0,41.0,Premier League,12.0,48.0,Premier League,17.0,41.0,Premier League,15.0,44.0,Premier League,10.0,52.0,Premier League,11.0,45.0,Premier League,8.0,52.0,Premier League,13.0,40.0,Premier League,18.0,28.0,Championship,12.0,58.0,Championship,6.0,75.0,Championship,20.0,54.0,Championship,23.0,45.0,League One,5.0,83.0,League One,2.0,92.0,Championship,2.0,88.0,Premier League,14.0,41.0,Premier League,8.0,56.0,Premier League,7.0,60.0,Premier League,6.0,63.0,Premier League,8.0,46.0,Premier League,17.0,36.0,Premier League,16.0,39.0,Premier League,11.0,52.0,Premier League,15.0,43.0,Premier League,15.0,40.0,Premier League,20.0,25.0,Championship,4.0,87.0,Premier League,20.0,12.0,32,3,Championship,106
Newcastle,Premier League,3.0,77.0,Premier League,6.0,72.0,Premier League,2.0,78.0,Premier League,2.0,68.0,Premier League,13.0,44.0,Premier League,13.0,46.0,Premier League,11.0,52.0,Premier League,11.0,51.0,Premier League,4.0,71.0,Premier League,3.0,69.0,Premier League,5.0,52.0,Premier League,14.0,38.0,Premier League,7.0,58.0,Premier League,13.0,43.0,Premier League,12.0,43.0,Premier League,18.0,34.0,Championship,1.0,102.0,Premier League,12.0,46.0,Premier League,5.0,65.0,Premier League,16.0,41.0,Premier League,10.0,49.0,Premier League,15.0,39.0,Premier League,18.0,37.0,Championship,1.0,94.0,Premier League,10.0,44.0,Premier League,13.0,45.0,Premier League,13.0,44.0,Premier League,12.0,45.0,Premier League,11.0,49.0,Premier League,4.0,71.0,Premier League,7.0,60.0,Premier League,5.0,66.0,32,2,Championship,102
Leeds,Premier League,5.0,70.0,Premier League,5.0,73.0,Premier League,13.0,43.0,Premier League,11.0,46.0,Premier League,5.0,59.0,Premier League,4.0,67.0,Premier League,3.0,69.0,Premier League,4.0,68.0,Premier League,5.0,66.0,Premier League,15.0,47.0,Premier League,20.0,26.0,Championship,13.0,44.0,Championship,5.0,78.0,Championship,22.0,46.0,League One,2.0,91.0,League One,4.0,84.0,League One,2.0,86.0,Championship,7.0,72.0,Championship,14.0,61.0,Championship,13.0,61.0,Championship,15.0,57.0,Championship,15.0,56.0,Championship,13.0,59.0,Championship,7.0,75.0,Championship,13.0,60.0,Championship,3.0,83.0,Championship,1.0,93.0,Premier League,9.0,59.0,Premier League,17.0,38.0,Premier League,19.0,31.0,Championship,3.0,90.0,Championship,1.0,100.0,32,3,Championship,103
Tottenham,Premier League,15.0,45.0,Premier League,7.0,62.0,Premier League,8.0,61.0,Premier League,10.0,46.0,Premier League,14.0,44.0,Premier League,11.0,47.0,Premier League,10.0,53.0,Premier League,12.0,49.0,Premier League,9.0,50.0,Premier League,10.0,50.0,Premier League,12.0,41.0,Premier League,7.0,48.0,Premier League,5.0,65.0,Premier League,5.0,60.0,Premier League,11.0,46.0,Premier League,8.0,51.0,Premier League,4.0,70.0,Premier League,5.0,62.0,Premier League,4.0,69.0,Premier League,5.0,72.0,Premier League,6.0,69.0,Premier League,5.0,64.0,Premier League,3.0,70.0,Premier League,2.0,86.0,Premier League,3.0,77.0,Premier League,4.0,71.0,Premier League,6.0,59.0,Premier League,7.0,62.0,Premier League,4.0,71.0,Premier League,8.0,60.0,Premier League,5.0,66.0,Premier League,17.0,38.0,32,1,Premier League,102
Everton,Premier League,17.0,44.0,Premier League,15.0,50.0,Premier League,6.0,61.0,Premier League,16.0,42.0,Premier League,17.0,40.0,Premier League,14.0,43.0,Premier League,13.0,50.0,Premier League,16.0,42.0,Premier League,15.0,43.0,Premier League,7.0,59.0,Premier League,17.0,34.0,Premier League,4.0,57.0,Premier League,11.0,50.0,Premier League,6.0,58.0,Premier League,5.0,65.0,Premier League,5.0,63.0,Premier League,8.0,61.0,Premier League,7.0,54.0,Premier League,7.0,56.0,Premier League,6.0,63.0,Premier League,5.0,72.0,Premier League,11.0,47.0,Premier League,11.0,47.0,Premier League,7.0,61.0,Premier League,8.0,49.0,Premier League,8.0,54.0,Premier League,12.0,49.0,Premier League,10.0,59.0,Premier League,16.0,39.0,Premier League,17.0,36.0,Premier League,12.0,48.0,Premier League,13.0,48.0,32,1,Premier League,104
Arsenal,Premier League,4.0,71.0,Premier League,12.0,51.0,Premier League,5.0,63.0,Premier League,3.0,68.0,Premier League,1.0,78.0,Premier League,2.0,78.0,Premier League,2.0,73.0,Premier League,2.0,70.0,Premier League,1.0,87.0,Premier League,2.0,78.0,Premier League,1.0,77.0,Premier League,2.0,71.0,Premier League,4.0,67.0,Premier League,4.0,68.0,Premier League,3.0,83.0,Premier League,4.0,72.0,Premier League,3.0,75.0,Premier League,4.0,68.0,Premier League,3.0,70.0,Premier League,4.0,73.0,Premier League,4.0,79.0,Premier League,3.0,75.0,Premier League,2.0,71.0,Premier League,5.0,75.0,Premier League,6.0,63.0,Premier League,5.0,70.0,Premier League,8.0,56.0,Premier League,8.0,61.0,Premier League,5.0,69.0,Premier League,2.0,84.0,Premier League,2.0,89.0,Premier League,2.0,74.0,32,1,Premier League,101
Aston Villa,Premier League,10.0,57.0,Premier League,18.0,48.0,Premier League,4.0,63.0,Premier League,5.0,61.0,Premier League,7.0,57.0,Premier League,6.0,55.0,Premier League,6.0,58.0,Premier League,8.0,54.0,Premier League,8.0,50.0,Premier League,16.0,45.0,Premier League,6.0,51.0,Premier League,9.0,46.0,Premier League,16.0,42.0,Premier League,11.0,50.0,Premier League,6.0,60.0,Premier League,6.0,62.0,Premier League,6.0,64.0,Premier League,9.0,48.0,Premier League,16.0,38.0,Premier League,15.0,41.0,Premier League,15.0,38.0,Premier League,17.0,38.0,Premier League,20.0,17.0,Championship,13.0,62.0,Championship,4.0,83.0,Championship,5.0,76.0,Premier League,17.0,35.0,Premier League,11.0,55.0,Premier League,14.0,45.0,Premier League,7.0,61.0,Premier League,4.0,68.0,Premier League,6.0,66.0,32,2,Championship,104
Man United,Premier League,1.0,92.0,Premier League,2.0,88.0,Premier League,1.0,82.0,Premier League,1.0,75.0,Premier League,2.0,77.0,Premier League,1.0,79.0,Premier League,1.0,91.0,Premier League,1.0,80.0,Premier League,3.0,77.0,Premier League,1.0,83.0,Premier League,3.0,66.0,Premier League,3.0,67.0,Premier League,2.0,83.0,Premier League,1.0,89.0,Premier League,1.0,87.0,Premier League,1.0,90.0,Premier League,2.0,85.0,Premier League,1.0,80.0,Premier League,2.0,89.0,Premier League,1.0,89.0,Premier League,7.0,64.0,Premier League,4.0,70.0,Premier League,5.0,66.0,Premier League,6.0,69.0,Premier League,2.0,81.0,Premier League,6.0,66.0,Premier League,3.0,66.0,Premier League,2.0,74.0,Premier League,6.0,58.0,Premier League,3.0,75.0,Premier League,8.0,60.0,Premier League,15.0,42.0,32,1,Premier League,101
Liverpool,Premier League,8.0,60.0,Premier League,4.0,74.0,Premier League,3.0,71.0,Premier League,4.0,68.0,Premier League,3.0,65.0,Premier League,7.0,54.0,Premier League,4.0,67.0,Premier League,3.0,69.0,Premier League,2.0,80.0,Premier League,5.0,64.0,Premier League,4.0,55.0,Premier League,5.0,54.0,Premier League,3.0,82.0,Premier League,3.0,68.0,Premier League,4.0,76.0,Premier League,2.0,86.0,Premier League,7.0,63.0,Premier League,6.0,58.0,Premier League,8.0,52.0,Premier League,7.0,61.0,Premier League,2.0,84.0,Premier League,6.0,62.0,Premier League,8.0,60.0,Premier League,4.0,76.0,Premier League,4.0,75.0,Premier League,2.0,97.0,Premier League,1.0,99.0,Premier League,3.0,69.0,Premier League,2.0,92.0,Premier League,5.0,67.0,Premier League,3.0,82.0,Premier League,1.0,84.0,32,1,Premier League,101
Chelsea,Premier League,14.0,51.0,Premier League,11.0,54.0,Premier League,11.0,50.0,Premier League,6.0,59.0,Premier League,4.0,63.0,Premier League,3.0,75.0,Premier League,5.0,65.0,Premier League,6.0,61.0,Premier League,6.0,64.0,Premier League,4.0,67.0,Premier League,2.0,71.0,Premier League,1.0,82.0,Premier League,1.0,91.0,Premier League,2.0,83.0,Premier League,2.0,85.0,Premier League,3.0,83.0,Premier League,1.0,86.0,Premier League,2.0,71.0,Premier League,6.0,64.0,Premier League,3.0,75.0,Premier League,3.0,82.0,Premier League,1.0,87.0,Premier League,10.0,50.0,Premier League,1.0,93.0,Premier League,5.0,70.0,Premier League,3.0,72.0,Premier League,4.0,66.0,Premier League,4.0,67.0,Premier League,3.0,74.0,Premier League,12.0,44.0,Premier League,6.0,63.0,Premier League,4.0,69.0,32,1,Premier League,101
West Ham,Premier League,13.0,52.0,Premier League,14.0,50.0,Premier League,10.0,51.0,Premier League,15.0,42.0,Premier League,8.0,56.0,Premier League,5.0,57.0,Premier League,9.0,55.0,Premier League,15.0,42.0,Premier League,7.0,53.0,Premier League,18.0,42.0,,,,Championship,2.0,62.0,Premier League,9.0,55.0,Premier League,15.0,41.0,Premier League,10.0,49.0,Premier League,9.0,51.0,Premier League,17.0,35.0,Premier League,20.0,33.0,Championship,3.0,86.0,Premier League,10.0,46.0,Premier League,13.0,40.0,Premier League,12.0,47.0,Premier League,7.0,62.0,Premier League,11.0,45.0,Premier League,13.0,42.0,Premier League,10.0,52.0,Premier League,16.0,39.0,Premier League,6.0,65.0,Premier League,7.0,56.0,Premier League,14.0,40.0,Premier League,9.0,52.0,Premier League,14.0,43.0,31,2,Championship,105
Blackburn,Premier League,2.0,84.0,Premier League,1.0,89.0,Premier League,7.0,61.0,Premier League,13.0,42.0,Premier League,6.0,58.0,Premier League,19.0,35.0,,,,,,,Premier League,10.0,46.0,Premier League,6.0,60.0,Premier League,14.0,37.0,Premier League,12.0,39.0,Premier League,6.0,63.0,Premier League,10.0,52.0,Premier League,7.0,58.0,Premier League,15.0,41.0,Premier League,10.0,50.0,Premier League,15.0,43.0,Premier League,19.0,31.0,Championship,17.0,58.0,Championship,8.0,70.0,Championship,9.0,67.0,Championship,15.0,55.0,Championship,22.0,51.0,League One,2.0,96.0,Championship,16.0,60.0,Championship,11.0,63.0,Championship,15.0,57.0,Championship,8.0,69.0,Championship,7.0,69.0,Championship,19.0,53.0,Championship,7.0,66.0,30,3,Championship,101
Middlesbrough,,,,,,,Premier League,12.0,43.0,Premier League,14.0,42.0,,,,Premier League,9.0,51.0,Premier League,12.0,52.0,Premier League,14.0,42.0,Premier League,12.0,45.0,Premier League,11.0,49.0,Premier League,11.0,44.0,Premier League,8.0,46.0,Premier League,14.0,45.0,Premier League,12.0,46.0,Premier League,13.0,42.0,Premier League,19.0,32.0,Championship,11.0,62.0,Championship,12.0,62.0,Championship,7.0,70.0,Championship,16.0,59.0,Championship,12.0,64.0,Championship,4.0,85.0,Championship,2.0,89.0,Premier League,19.0,28.0,Championship,5.0,76.0,Championship,7.0,73.0,Championship,18.0,53.0,Championship,10.0,64.0,Championship,7.0,70.0,Championship,4.0,75.0,Championship,8.0,69.0,Championship,10.0,64.0,29,2,Championship,108
Leicester,,,,Premier League,21.0,29.0,,,,Premier League,9.0,47.0,Premier League,10.0,53.0,Premier League,10.0,49.0,Premier League,8.0,55.0,Premier League,13.0,48.0,Premier League,20.0,28.0,,,,Premier League,18.0,33.0,Championship,14.0,40.0,Championship,16.0,54.0,Championship,19.0,53.0,Championship,22.0,52.0,League One,1.0,96.0,Championship,5.0,76.0,Championship,10.0,67.0,Championship,9.0,66.0,Championship,6.0,68.0,Championship,1.0,102.0,Premier League,14.0,41.0,Premier League,1.0,81.0,Premier League,12.0,44.0,Premier League,9.0,47.0,Premier League,9.0,52.0,Premier League,5.0,62.0,Premier League,5.0,66.0,Premier League,8.0,52.0,Premier League,18.0,34.0,Championship,1.0,97.0,Premier League,18.0,25.0,29,3,Championship,101
Coventry,Premier League,11.0,56.0,Premier League,16.0,50.0,Premier League,16.0,38.0,Premier League,18.0,41.0,Premier League,11.0,52.0,Premier League,15.0,42.0,Premier League,14.0,44.0,Premier League,19.0,34.0,,,,,,,,,,Championship,22.0,30.0,Championship,8.0,63.0,Championship,17.0,56.0,Championship,21.0,53.0,Championship,17.0,54.0,Championship,20.0,54.0,Championship,18.0,55.0,Championship,23.0,40.0,League One,13.0,65.0,League One,9.0,61.0,League One,17.0,55.0,League One,8.0,69.0,League One,23.0,39.0,League Two,6.0,75.0,League One,8.0,65.0,,,,Championship,16.0,55.0,Championship,12.0,64.0,Championship,5.0,70.0,Championship,9.0,64.0,Championship,5.0,69.0,28,4,Championship,111
Sheffield Weds,Premier League,7.0,64.0,Premier League,13.0,51.0,Premier League,15.0,40.0,Premier League,7.0,57.0,Premier League,16.0,44.0,Premier League,12.0,46.0,Premier League,19.0,31.0,,,,,,,,,,,,,League One,8.0,47.0,Championship,19.0,52.0,Championship,9.0,71.0,Championship,16.0,55.0,Championship,12.0,61.0,Championship,22.0,47.0,League One,15.0,58.0,League One,2.0,93.0,Championship,18.0,58.0,Championship,16.0,53.0,Championship,13.0,60.0,Championship,6.0,74.0,Championship,4.0,81.0,Championship,15.0,57.0,Championship,12.0,64.0,Championship,17.0,56.0,Championship,21.0,47.0,League One,4.0,85.0,League One,3.0,96.0,Championship,20.0,53.0,Championship,12.0,58.0,28,3,Championship,107
Man City,Premier League,16.0,45.0,Premier League,17.0,49.0,Premier League,18.0,38.0,,,,,,,,,,,,,Premier League,18.0,34.0,,,,Premier League,9.0,51.0,Premier League,15.0,35.0,Premier League,11.0,44.0,Premier League,15.0,43.0,Premier League,14.0,42.0,Premier League,9.0,55.0,Premier League,10.0,50.0,Premier League,5.0,67.0,Premier League,3.0,71.0,Premier League,1.0,89.0,Premier League,2.0,78.0,Premier League,1.0,86.0,Premier League,2.0,79.0,Premier League,4.0,66.0,Premier League,3.0,78.0,Premier League,1.0,100.0,Premier League,1.0,98.0,Premier League,2.0,81.0,Premier League,1.0,86.0,Premier League,1.0,93.0,Premier League,1.0,89.0,Premier League,1.0,91.0,Premier League,3.0,71.0,27,1,Premier League,101
Derby,,,,,,,,,,Premier League,12.0,46.0,Premier League,9.0,55.0,Premier League,8.0,52.0,Premier League,16.0,38.0,Premier League,17.0,42.0,Premier League,19.0,30.0,,,,,,,Championship,4.0,57.0,Championship,20.0,50.0,Championship,3.0,84.0,Premier League,20.0,11.0,Championship,18.0,54.0,Championship,15.0,56.0,Championship,19.0,49.0,Championship,12.0,64.0,Championship,10.0,61.0,Championship,3.0,85.0,Championship,8.0,77.0,Championship,5.0,78.0,Championship,9.0,67.0,Championship,6.0,75.0,Championship,6.0,74.0,Championship,10.0,64.0,Championship,22.0,44.0,Championship,17.0,55.0,League One,7.0,76.0,League One,2.0,92.0,Championship,19.0,50.0,27,3,Championship,108
Charlton,,,,,,,,,,,,,,,,Premier League,18.0,36.0,,,,Premier League,9.0,52.0,Premier League,14.0,44.0,Premier League,12.0,49.0,Premier League,10.0,45.0,Premier League,10.0,45.0,Premier League,13.0,47.0,Premier League,19.0,34.0,Championship,11.0,64.0,Championship,24.0,39.0,League One,4.0,84.0,League One,13.0,59.0,League One,1.0,101.0,Championship,9.0,65.0,Championship,18.0,51.0,Championship,12.0,60.0,Championship,22.0,40.0,League One,13.0,60.0,League One,6.0,71.0,League One,3.0,88.0,Championship,23.0,48.0,League One,7.0,74.0,League One,13.0,59.0,League One,10.0,62.0,League One,17.0,53.0,League One,4.0,85.0,26,3,Championship,109
Bolton,,,,,,,Premier League,20.0,29.0,,,,Premier League,18.0,40.0,,,,,,,,,,Premier League,16.0,40.0,Premier League,17.0,44.0,Premier League,8.0,46.0,Premier League,6.0,53.0,Premier League,8.0,56.0,Premier League,7.0,56.0,Premier League,16.0,37.0,Premier League,13.0,41.0,Premier League,14.0,39.0,Premier League,14.0,46.0,Premier League,18.0,36.0,Championship,7.0,68.0,Championship,14.0,59.0,Championship,18.0,51.0,Championship,24.0,30.0,League One,2.0,86.0,Championship,21.0,43.0,Championship,23.0,32.0,,,,League Two,3.0,79.0,League One,9.0,73.0,League One,5.0,81.0,League One,3.0,87.0,League One,8.0,68.0,25,4,Championship,106
Nott'm Forest,,,,Premier League,3.0,77.0,Premier League,9.0,58.0,Premier League,20.0,34.0,,,,Premier League,20.0,30.0,,,,,,,,,,,,,,,,Championship,23.0,27.0,League One,7.0,69.0,League One,4.0,82.0,League One,3.0,82.0,Championship,19.0,53.0,Championship,3.0,79.0,Championship,6.0,75.0,Championship,20.0,50.0,Championship,8.0,67.0,Championship,11.0,65.0,Championship,14.0,59.0,Championship,16.0,55.0,Championship,21.0,51.0,Championship,17.0,53.0,Championship,9.0,66.0,Championship,7.0,70.0,Championship,17.0,52.0,Championship,4.0,80.0,Premier League,16.0,38.0,Premier League,17.0,36.0,Premier League,7.0,65.0,25,3,Championship,103
Sunderland,,,,,,,,,,Premier League,19.0,40.0,,,,,,,Premier League,7.0,58.0,Premier League,7.0,57.0,Premier League,17.0,40.0,Premier League,20.0,19.0,,,,Championship,3.0,58.0,Premier League,20.0,15.0,Championship,1.0,88.0,Premier League,15.0,39.0,Premier League,16.0,36.0,Premier League,13.0,44.0,Premier League,10.0,47.0,Premier League,13.0,45.0,Premier League,17.0,39.0,Premier League,14.0,38.0,Premier League,16.0,38.0,Premier League,17.0,39.0,Premier League,20.0,24.0,Championship,24.0,37.0,League One,5.0,85.0,,,,League One,4.0,77.0,League One,5.0,84.0,Championship,6.0,69.0,Championship,16.0,56.0,Championship,4.0,76.0,25,3,Championship,107
Fulham,,,,,,,,,,,,,,,,,,,,,,,,,Premier League,13.0,44.0,Premier League,14.0,48.0,Premier League,9.0,45.0,Premier League,15.0,35.0,Premier League,12.0,48.0,Premier League,16.0,39.0,Premier League,17.0,36.0,Premier League,7.0,53.0,Premier League,12.0,46.0,Premier League,8.0,49.0,Premier League,9.0,52.0,Premier League,12.0,43.0,Premier League,19.0,32.0,Championship,17.0,52.0,Championship,20.0,51.0,Championship,6.0,80.0,Championship,3.0,88.0,Premier League,19.0,26.0,Championship,4.0,81.0,Premier League,18.0,28.0,Championship,1.0,90.0,Premier League,10.0,52.0,Premier League,14.0,47.0,Premier League,11.0,54.0,24,2,Championship,107
Ipswich,Premier League,19.0,43.0,Premier League,22.0,27.0,,,,,,,,,,,,,,,,Premier League,5.0,66.0,Premier League,18.0,36.0,,,,,,,Championship,6.0,55.0,Championship,15.0,56.0,Championship,14.0,62.0,Championship,8.0,69.0,Championship,9.0,66.0,Championship,16.0,56.0,Championship,13.0,62.0,Championship,15.0,61.0,Championship,14.0,60.0,Championship,9.0,68.0,Championship,6.0,78.0,Championship,7.0,69.0,Championship,16.0,55.0,Championship,12.0,60.0,Championship,24.0,31.0,,,,League One,9.0,69.0,League One,11.0,70.0,League One,2.0,98.0,Championship,2.0,96.0,Premier League,19.0,22.0,24,3,Championship,105
QPR,Premier League,9.0,60.0,Premier League,8.0,60.0,Premier League,19.0,33.0,,,,,,,,,,,,,,,,,,,,,,,,,Championship,9.0,50.0,Championship,21.0,50.0,Championship,18.0,53.0,Championship,14.0,58.0,Championship,11.0,61.0,Championship,14.0,57.0,Championship,1.0,88.0,Premier League,17.0,37.0,Premier League,20.0,25.0,Championship,4.0,80.0,Premier League,20.0,30.0,Championship,12.0,60.0,Championship,18.0,53.0,Championship,16.0,56.0,Championship,19.0,51.0,Championship,14.0,58.0,Championship,9.0,68.0,Championship,11.0,66.0,Championship,21.0,50.0,Championship,18.0,56.0,Championship,15.0,56.0,24,2,Championship,108
Norwich,Premier League,12.0,53.0,Premier League,20.0,43.0,,,,,,,,,,,,,,,,,,,,,,,,,,,,Premier League,20.0,27.0,Championship,9.0,62.0,Championship,16.0,57.0,Championship,17.0,55.0,Championship,22.0,46.0,League One,1.0,95.0,Championship,2.0,84.0,Premier League,12.0,47.0,Premier League,11.0,44.0,Premier League,18.0,33.0,Championship,3.0,86.0,Premier League,19.0,34.0,Championship,8.0,70.0,Championship,14.0,60.0,Championship,1.0,94.0,Premier League,20.0,21.0,Championship,1.0,97.0,Premier League,20.0,22.0,Championship,13.0,62.0,Championship,6.0,73.0,Championship,13.0,57.0,23,3,Championship,111
Crystal Palace,,,,Premier League,19.0,45.0,,,,,,,Premier League,20.0,33.0,,,,,,,,,,,,,,,,,,,Premier League,19.0,27.0,Championship,6.0,75.0,Championship,12.0,65.0,Championship,5.0,71.0,Championship,15.0,57.0,Championship,13.0,59.0,Championship,20.0,48.0,Championship,17.0,56.0,Championship,5.0,72.0,Premier League,11.0,45.0,Premier League,10.0,48.0,Premier League,15.0,42.0,Premier League,14.0,41.0,Premier League,11.0,44.0,Premier League,12.0,49.0,Premier League,14.0,43.0,Premier League,14.0,44.0,Premier League,12.0,48.0,Premier League,11.0,45.0,Premier League,10.0,49.0,Premier League,12.0,53.0,23,2,Championship,110
Bradford,,,,,,,,,,,,,,,,,,,Premier League,17.0,36.0,Premier League,20.0,26.0,,,,,,,,,,League One,7.0,49.0,League One,11.0,61.0,League One,23.0,47.0,League Two,10.0,62.0,League Two,11.0,67.0,League Two,14.0,62.0,League Two,19.0,52.0,League Two,18.0,50.0,League Two,7.0,69.0,League One,12.0,59.0,League One,7.0,65.0,League One,5.0,80.0,League One,5.0,79.0,League One,11.0,63.0,League One,24.0,41.0,League Two,9.0,54.0,League Two,15.0,59.0,League Two,14.0,58.0,League Two,6.0,76.0,League Two,9.0,69.0,League Two,3.0,78.0,23,3,League One,117
Birmingham,,,,,,,,,,,,,,,,,,,,,,,,,,,,Premier League,13.0,48.0,Premier League,7.0,48.0,Premier League,13.0,38.0,Premier League,18.0,34.0,Championship,2.0,86.0,Premier League,19.0,35.0,Championship,2.0,83.0,Premier League,9.0,50.0,Premier League,18.0,39.0,Championship,4.0,76.0,Championship,12.0,61.0,Championship,21.0,44.0,Championship,10.0,63.0,Championship,10.0,63.0,Championship,19.0,53.0,Championship,19.0,46.0,Championship,14.0,61.0,Championship,21.0,50.0,Championship,18.0,52.0,Championship,21.0,47.0,Championship,17.0,53.0,Championship,22.0,50.0,League One,1.0,111.0,23,3,Championship,107
Wolves,,,,,,,,,,,,,,,,,,,,,,,,,,,,,,,Premier League,19.0,31.0,Championship,8.0,50.0,Championship,7.0,67.0,Championship,5.0,76.0,Championship,7.0,70.0,Championship,1.0,90.0,Premier League,15.0,38.0,Premier League,17.0,40.0,Premier League,20.0,25.0,Championship,23.0,51.0,League One,1.0,103.0,Championship,7.0,78.0,Championship,14.0,58.0,Championship,15.0,58.0,Championship,1.0,99.0,Premier League,7.0,57.0,Premier League,7.0,59.0,Premier League,13.0,45.0,Premier League,10.0,51.0,Premier League,13.0,41.0,Premier League,15.0,46.0,Premier League,16.0,42.0,22,3,Championship,107
Watford,,,,,,,,,,,,,,,,,,,Premier League,20.0,24.0,,,,,,,,,,,,,Championship,18.0,36.0,Championship,3.0,81.0,Premier League,20.0,28.0,Championship,6.0,70.0,Championship,13.0,58.0,Championship,17.0,54.0,Championship,14.0,61.0,Championship,11.0,64.0,Championship,3.0,77.0,Championship,13.0,60.0,Championship,2.0,89.0,Premier League,13.0,45.0,Premier League,17.0,40.0,Premier League,14.0,41.0,Premier League,11.0,50.0,Premier League,19.0,34.0,Championship,2.0,91.0,Premier League,19.0,23.0,Championship,11.0,63.0,Championship,15.0,56.0,Championship,14.0,57.0,22,2,Championship,111
Oldham,Premier League,21.0,40.0,,,,,,,,,,,,,,,,,,,,,,,,,,,,,,,League One,21.0,31.0,League One,10.0,65.0,League One,6.0,75.0,League One,8.0,67.0,League One,10.0,65.0,League One,17.0,52.0,League One,17.0,56.0,League One,16.0,54.0,League One,19.0,51.0,League One,16.0,56.0,League One,15.0,57.0,League One,17.0,54.0,League One,17.0,53.0,League One,21.0,50.0,League Two,14.0,62.0,League Two,19.0,41.0,League Two,18.0,54.0,League Two,23.0,38.0,National League,12.0,61.0,National League,10.0,63.0,National League,5.0,73.0,22,4,League One,121
West Brom,,,,,,,,,,,,,,,,,,,,,,,,,,,,Premier League,19.0,26.0,,,,Premier League,17.0,29.0,Premier League,19.0,30.0,Championship,4.0,76.0,Championship,1.0,81.0,Premier League,20.0,32.0,Championship,2.0,91.0,Premier League,11.0,47.0,Premier League,10.0,47.0,Premier League,8.0,49.0,Premier League,17.0,36.0,Premier League,13.0,44.0,Premier League,14.0,43.0,Premier League,10.0,45.0,Premier League,20.0,31.0,Championship,4.0,80.0,Championship,2.0,83.0,Premier League,19.0,26.0,Championship,10.0,67.0,Championship,9.0,66.0,Championship,5.0,75.0,Championship,9.0,64.0,22,2,Championship,108
Sheffield United,Premier League,20.0,42.0,,,,,,,,,,,,,,,,,,,,,,,,,,,,,,,Championship,11.0,48.0,Championship,2.0,90.0,Premier League,18.0,38.0,Championship,9.0,66.0,Championship,3.0,80.0,Championship,8.0,65.0,Championship,23.0,42.0,League One,3.0,90.0,League One,5.0,75.0,League One,7.0,67.0,League One,5.0,71.0,League One,11.0,66.0,League One,1.0,100.0,Championship,10.0,69.0,Championship,2.0,89.0,Premier League,9.0,54.0,Premier League,20.0,23.0,Championship,5.0,75.0,Championship,2.0,91.0,Premier League,20.0,16.0,Championship,3.0,92.0,22,3,Championship,109
Swindon,Premier League,22.0,30.0,,,,,,,,,,,,,,,,,,,,,,,,,,,,,,,League One,9.0,47.0,League One,23.0,48.0,League Two,3.0,85.0,League One,13.0,61.0,League One,16.0,53.0,League One,6.0,82.0,League One,24.0,41.0,League Two,1.0,93.0,League One,6.0,74.0,League One,8.0,66.0,League One,4.0,79.0,League One,16.0,59.0,League One,22.0,44.0,League Two,9.0,68.0,League Two,13.0,64.0,League Two,2.0,69.0,League One,23.0,43.0,League Two,6.0,77.0,League Two,10.0,61.0,League Two,19.0,54.0,League Two,12.0,62.0,22,3,League One,122
Barnsley,,,,,,,,,,,,,Premier League,19.0,35.0,,,,,,,,,,,,,,,,,,,League One,14.0,41.0,League One,5.0,72.0,Championship,20.0,50.0,Championship,18.0,55.0,Championship,20.0,52.0,Championship,19.0,54.0,Championship,17.0,56.0,Championship,22.0,48.0,Championship,21.0,55.0,Championship,23.0,39.0,League One,11.0,62.0,League One,6.0,74.0,Championship,14.0,58.0,Championship,22.0,41.0,League One,2.0,91.0,Championship,22.0,49.0,Championship,5.0,78.0,Championship,24.0,30.0,League One,4.0,86.0,League One,6.0,76.0,League One,12.0,61.0,22,3,Championship,119
Cheltenham,,,,,,,,,,,,,,,,,,,,,,,,,,,,,,,,,,League Two,18.0,44.0,League Two,5.0,72.0,League One,17.0,54.0,League One,20.0,51.0,League One,23.0,39.0,League Two,22.0,48.0,League Two,18.0,52.0,League Two,6.0,77.0,League Two,5.0,75.0,League Two,18.0,55.0,League Two,23.0,41.0,National League,1.0,101.0,League Two,21.0,50.0,League Two,17.0,51.0,League Two,16.0,57.0,League Two,5.0,64.0,League Two,1.0,82.0,League One,15.0,56.0,League One,16.0,54.0,League One,21.0,44.0,League Two,15.0,60.0,21,3,League One,315
Swansea,,,,,,,,,,,,,,,,,,,,,,,,,,,,,,,,,,League Two,4.0,60.0,League One,6.0,71.0,League One,7.0,72.0,League One,1.0,92.0,Championship,8.0,68.0,Championship,7.0,69.0,Championship,3.0,80.0,Premier League,11.0,47.0,Premier League,9.0,46.0,Premier League,12.0,42.0,Premier League,8.0,56.0,Premier League,12.0,47.0,Premier League,15.0,41.0,Premier League,18.0,33.0,Championship,10.0,65.0,Championship,6.0,70.0,Championship,4.0,80.0,Championship,15.0,61.0,Championship,10.0,66.0,Championship,14.0,57.0,Championship,11.0,61.0,21,4,Championship,108
Stoke,,,,,,,,,,,,,,,,,,,,,,,,,,,,,,,,,,Championship,12.0,45.0,Championship,13.0,58.0,Championship,8.0,73.0,Championship,2.0,79.0,Premier League,12.0,45.0,Premier League,11.0,47.0,Premier League,13.0,46.0,Premier League,14.0,45.0,Premier League,13.0,42.0,Premier League,9.0,50.0,Premier League,9.0,54.0,Premier League,9.0,51.0,Premier League,13.0,44.0,Premier League,19.0,33.0,Championship,17.0,55.0,Championship,16.0,56.0,Championship,14.0,60.0,Championship,14.0,62.0,Championship,16.0,53.0,Championship,17.0,56.0,Championship,18.0,51.0,21,2,Championship,109
Port Vale,,,,,,,,,,,,,,,,,,,,,,,,,,,,,,,,,,League One,13.0,42.0,League One,13.0,60.0,League One,12.0,60.0,League One,24.0,38.0,League Two,20.0,48.0,League Two,10.0,68.0,League Two,11.0,65.0,League Two,9.0,69.0,League Two,3.0,78.0,League One,10.0,61.0,League One,18.0,54.0,League One,12.0,65.0,League One,21.0,49.0,League Two,20.0,47.0,League Two,20.0,49.0,League Two,8.0,57.0,League Two,13.0,60.0,League Two,5.0,78.0,League One,18.0,49.0,League One,23.0,41.0,League Two,2.0,80.0,21,2,League One,310
Portsmouth,,,,,,,,,,,,,,,,,,,,,,,,,,,,,,,Premier League,16.0,35.0,Premier League,16.0,35.0,Premier League,17.0,38.0,Premier League,9.0,54.0,Premier League,8.0,57.0,Premier League,14.0,41.0,Premier League,20.0,28.0,Championship,16.0,58.0,Championship,18.0,50.0,League One,22.0,42.0,League Two,13.0,59.0,League Two,16.0,57.0,League Two,6.0,78.0,League Two,1.0,87.0,League One,8.0,66.0,League One,4.0,88.0,,,,League One,8.0,72.0,League One,10.0,73.0,League One,8.0,70.0,League One,1.0,97.0,Championship,16.0,54.0,21,4,Championship,108
Millwall,,,,,,,,,,,,,,,,,,,,,,,,,,,,,,,,,,Championship,10.0,48.0,Championship,23.0,40.0,League One,10.0,66.0,League One,18.0,52.0,League One,5.0,82.0,League One,3.0,85.0,Championship,9.0,67.0,Championship,16.0,57.0,Championship,20.0,56.0,Championship,19.0,48.0,Championship,22.0,41.0,League One,4.0,81.0,League One,6.0,73.0,Championship,8.0,72.0,Championship,21.0,44.0,Championship,8.0,68.0,Championship,11.0,62.0,Championship,9.0,69.0,Championship,8.0,68.0,Championship,13.0,59.0,Championship,8.0,66.0,21,2,Championship,208
Walsall,,,,,,,,,,,,,,,,,,,,,,,,,,,,,,,,,,League One,11.0,45.0,League One,24.0,47.0,League Two,1.0,89.0,League One,12.0,64.0,League One,13.0,61.0,League One,10.0,62.0,League One,21.0,48.0,League One,19.0,50.0,League One,9.0,68.0,League One,14.0,58.0,League One,14.0,59.0,League One,3.0,84.0,League One,14.0,58.0,League One,19.0,52.0,League One,22.0,47.0,League Two,14.0,47.0,League Two,19.0,53.0,League Two,16.0,54.0,League Two,16.0,55.0,League Two,11.0,65.0,League Two,4.0,77.0,21,2,League One,303
Bournemouth,,,,,,,,,,,,,,,,,,,,,,,,,,,,,,,,,,League One,6.0,50.0,League One,17.0,55.0,League One,19.0,52.0,League One,15.0,58.0,League Two,12.0,63.0,League Two,2.0,83.0,League One,6.0,71.0,League One,11.0,58.0,League One,2.0,83.0,Championship,10.0,66.0,Championship,1.0,90.0,Premier League,16.0,42.0,Premier League,9.0,46.0,Premier League,12.0,44.0,Premier League,14.0,45.0,Premier League,18.0,34.0,Championship,6.0,77.0,Championship,2.0,88.0,Premier League,15.0,39.0,Premier League,13.0,48.0,Premier League,9.0,56.0,21,4,Championship,109
Preston,,,,,,,,,,,,,,,,,,,,,,,,,,,,,,,,,,Championship,7.0,53.0,Championship,4.0,80.0,Championship,7.0,74.0,Championship,15.0,56.0,Championship,6.0,74.0,Championship,18.0,54.0,Championship,22.0,42.0,League One,15.0,54.0,League One,15.0,59.0,League One,5.0,85.0,League One,3.0,89.0,Championship,11.0,62.0,Championship,11.0,62.0,Championship,7.0,73.0,Championship,15.0,61.0,Championship,9.0,66.0,Championship,13.0,61.0,Championship,13.0,64.0,Championship,12.0,63.0,Championship,10.0,63.0,Championship,20.0,50.0,21,2,Championship,204
Reading,,,,,,,,,,,,,,,,,,,,,,,,,,,,,,,,,,Championship,5.0,57.0,Championship,1.0,106.0,Premier League,8.0,55.0,Premier League,18.0,36.0,Championship,4.0,77.0,Championship,9.0,63.0,Championship,5.0,77.0,Championship,1.0,89.0,Premier League,19.0,28.0,Championship,7.0,71.0,Championship,19.0,50.0,Championship,17.0,52.0,Championship,3.0,85.0,Championship,20.0,44.0,Championship,20.0,47.0,Championship,15.0,56.0,Championship,7.0,70.0,Championship,22.0,47.0,Championship,20.0,50.0,League One,15.0,59.0,League One,7.0,75.0,21,3,Championship,108
Wigan,,,,,,,,,,,,,,,,,,,,,,,,,,,,,,,,,,Championship,1.0,66.0,Premier League,10.0,51.0,Premier League,17.0,38.0,Premier League,14.0,40.0,Premier League,11.0,45.0,Premier League,16.0,36.0,Premier League,16.0,42.0,Premier League,15.0,43.0,Premier League,18.0,36.0,Championship,5.0,73.0,Championship,23.0,39.0,League One,1.0,87.0,Championship,23.0,42.0,League One,1.0,98.0,Championship,18.0,52.0,Championship,13.0,59.0,League One,20.0,48.0,League One,1.0,92.0,Championship,23.0,45.0,League One,10.0,70.0,League One,15.0,56.0,21,3,Championship,110
Northampton,,,,,,,,,,,,,,,,,,,,,,,,,,,,,,,,,,League Two,7.0,55.0,League Two,2.0,83.0,League One,14.0,59.0,League One,9.0,66.0,League One,21.0,49.0,League Two,11.0,67.0,League Two,17.0,52.0,League Two,20.0,48.0,League Two,6.0,73.0,League Two,21.0,53.0,League Two,12.0,61.0,League Two,1.0,99.0,League One,16.0,53.0,League One,22.0,47.0,League Two,15.0,61.0,League Two,7.0,58.0,League One,22.0,45.0,League Two,4.0,80.0,League Two,3.0,83.0,League One,14.0,60.0,League One,19.0,51.0,21,2,League One,309
Plymouth,,,,,,,,,,,,,,,,,,,,,,,,,,,,,,,,,,Championship,15.0,39.0,Championship,14.0,56.0,Championship,11.0,67.0,Championship,10.0,64.0,Championship,21.0,51.0,Championship,23.0,41.0,League One,19.0,52.0,League Two,21.0,46.0,League Two,21.0,52.0,League Two,10.0,60.0,League Two,7.0,71.0,League Two,5.0,81.0,League Two,2.0,87.0,League One,7.0,68.0,League One,21.0,50.0,League Two,3.0,68.0,League One,18.0,53.0,League One,7.0,80.0,League One,1.0,101.0,Championship,21.0,51.0,Championship,23.0,46.0,21,3,Championship,210
Colchester,,,,,,,,,,,,,,,,,,,,,,,,,,,,,,,,,,League One,15.0,39.0,League One,2.0,79.0,Championship,10.0,69.0,Championship,24.0,38.0,League One,12.0,63.0,League One,8.0,72.0,League One,10.0,62.0,League One,10.0,59.0,League One,20.0,51.0,League One,17.0,53.0,League One,19.0,52.0,League One,23.0,40.0,League Two,8.0,69.0,League Two,13.0,62.0,League Two,8.0,70.0,League Two,6.0,58.0,League Two,20.0,51.0,League Two,15.0,55.0,League Two,20.0,49.0,League Two,22.0,45.0,League Two,10.0,67.0,21,3,Championship,210
Brighton,,,,,,,,,,,,,,,,,,,,,,,,,,,,,,,,,,Championship,17.0,37.0,Championship,24.0,38.0,League One,18.0,53.0,League One,7.0,69.0,League One,17.0,52.0,League One,13.0,59.0,League One,1.0,95.0,Championship,10.0,66.0,Championship,4.0,75.0,Championship,6.0,72.0,Championship,21.0,47.0,Championship,3.0,89.0,Championship,2.0,93.0,Premier League,15.0,40.0,Premier League,17.0,36.0,Premier League,15.0,41.0,Premier League,16.0,41.0,Premier League,9.0,51.0,Premier League,6.0,62.0,Premier League,11.0,48.0,Premier League,8.0,61.0,21,3,Championship,106
Huddersfield,,,,,,,,,,,,,,,,,,,,,,,,,,,,,,,,,,League One,18.0,37.0,League One,4.0,73.0,League One,15.0,59.0,League One,10.0,66.0,League One,9.0,68.0,League One,7.0,80.0,League One,3.0,87.0,League One,4.0,81.0,Championship,19.0,58.0,Championship,17.0,53.0,Championship,16.0,55.0,Championship,19.0,51.0,Championship,5.0,81.0,Premier League,16.0,37.0,Premier League,20.0,16.0,Championship,19.0,51.0,Championship,20.0,49.0,Championship,3.0,82.0,Championship,18.0,53.0,Championship,23.0,45.0,League One,10.0,64.0,21,3,Championship,116
Cardiff,,,,,,,,,,,,,,,,,,,,,,,,,,,,,,,,,,Championship,20.0,34.0,Championship,11.0,60.0,Championship,13.0,64.0,Championship,12.0,64.0,Championship,7.0,74.0,Championship,4.0,76.0,Championship,4.0,80.0,Championship,6.0,75.0,Championship,1.0,87.0,Premier League,20.0,30.0,Championship,11.0,62.0,Championship,8.0,68.0,Championship,12.0,62.0,Championship,2.0,90.0,Premier League,18.0,34.0,Championship,5.0,73.0,Championship,8.0,68.0,Championship,19.0,53.0,Championship,22.0,49.0,Championship,12.0,62.0,Championship,24.0,44.0,21,2,Championship,118
Hull,,,,,,,,,,,,,,,,,,,,,,,,,,,,,,,,,,League One,1.0,66.0,Championship,18.0,52.0,Championship,21.0,49.0,Championship,3.0,75.0,Premier League,17.0,35.0,Premier League,19.0,30.0,Championship,11.0,65.0,Championship,8.0,68.0,Championship,2.0,79.0,Premier League,16.0,37.0,Premier League,18.0,35.0,Championship,4.0,83.0,Premier League,18.0,34.0,Championship,18.0,49.0,Championship,13.0,62.0,Championship,24.0,45.0,League One,1.0,89.0,Championship,20.0,51.0,Championship,15.0,58.0,Championship,7.0,70.0,Championship,21.0,49.0,21,3,Championship,116
Bristol City,,,,,,,,,,,,,,,,,,,,,,,,,,,,,,,,,,League One,12.0,43.0,League One,9.0,65.0,League One,2.0,85.0,Championship,4.0,74.0,Championship,10.0,61.0,Championship,10.0,63.0,Championship,15.0,60.0,Championship,21.0,49.0,Championship,24.0,41.0,League One,13.0,58.0,League One,1.0,99.0,Championship,18.0,52.0,Championship,17.0,54.0,Championship,11.0,67.0,Championship,8.0,70.0,Championship,12.0,63.0,Championship,19.0,51.0,Championship,18.0,55.0,Championship,14.0,59.0,Championship,11.0,62.0,Championship,6.0,68.0,21,2,Championship,204
Crewe,,,,,,,,,,,,,,,,,,,,,,,,,,,,,,,,,,Championship,16.0,37.0,Championship,22.0,42.0,League One,13.0,60.0,League One,21.0,50.0,League One,22.0,46.0,League Two,18.0,55.0,League Two,10.0,65.0,League Two,7.0,72.0,League One,14.0,64.0,League One,19.0,51.0,League One,20.0,52.0,League One,24.0,34.0,League Two,17.0,55.0,League Two,15.0,56.0,League Two,12.0,65.0,League Two,1.0,69.0,League One,12.0,66.0,League One,24.0,29.0,League Two,13.0,58.0,League Two,6.0,71.0,League Two,13.0,62.0,21,3,Championship,216
Brentford,,,,,,,,,,,,,,,,,,,,,,,,,,,,,,,,,,League One,5.0,53.0,League One,3.0,76.0,League One,24.0,37.0,League Two,14.0,59.0,League Two,1.0,85.0,League One,9.0,62.0,League One,11.0,61.0,League One,9.0,67.0,League One,3.0,79.0,League One,2.0,94.0,Championship,5.0,78.0,Championship,9.0,65.0,Championship,10.0,64.0,Championship,9.0,69.0,Championship,11.0,64.0,Championship,3.0,81.0,Championship,3.0,87.0,Premier League,13.0,46.0,Premier League,9.0,59.0,Premier League,16.0,39.0,Premier League,10.0,56.0,21,4,Championship,109
Burnley,,,,,,,,,,,,,,,,,,,,,,,,,,,,,,,,,,Championship,19.0,34.0,Championship,17.0,54.0,Championship,15.0,57.0,Championship,13.0,62.0,Championship,5.0,76.0,Premier League,18.0,30.0,Championship,8.0,68.0,Championship,13.0,62.0,Championship,11.0,61.0,Championship,2.0,93.0,Premier League,19.0,33.0,Championship,1.0,93.0,Premier League,16.0,40.0,Premier League,7.0,54.0,Premier League,15.0,40.0,Premier League,10.0,54.0,Premier League,17.0,39.0,Premier League,18.0,35.0,Championship,1.0,101.0,Premier League,19.0,24.0,Championship,2.0,100.0,21,2,Championship,107
Leyton Orient,,,,,,,,,,,,,,,,,,,,,,,,,,,,,,,,,,League Two,8.0,55.0,League Two,3.0,81.0,League One,20.0,51.0,League One,14.0,60.0,League One,15.0,56.0,League One,18.0,51.0,League One,7.0,70.0,League One,20.0,50.0,League One,7.0,71.0,League One,3.0,86.0,League One,23.0,49.0,League Two,8.0,69.0,League Two,24.0,36.0,National League,13.0,60.0,National League,1.0,89.0,League Two,17.0,42.0,League Two,11.0,61.0,League Two,13.0,58.0,League Two,1.0,91.0,League One,12.0,65.0,League One,6.0,78.0,21,3,League One,303
Milton Keynes Dons,,,,,,,,,,,,,,,,,,,,,,,,,,,,,,,,,,League One,20.0,34.0,League One,22.0,50.0,League Two,4.0,84.0,League Two,1.0,97.0,League One,3.0,87.0,League One,12.0,60.0,League One,5.0,77.0,League One,5.0,80.0,League One,8.0,70.0,League One,11.0,60.0,League One,2.0,91.0,Championship,23.0,39.0,League One,12.0,61.0,League One,23.0,45.0,League Two,3.0,79.0,,,,League One,13.0,65.0,League One,3.0,89.0,League One,21.0,45.0,League Two,4.0,78.0,League Two,19.0,52.0,20,3,Championship,223
Tranmere,,,,,,,,,,,,,,,,,,,,,,,,,,,,,,,,,,League One,3.0,56.0,League One,18.0,54.0,League One,9.0,67.0,League One,11.0,65.0,League One,7.0,74.0,League One,20.0,51.0,League One,18.0,56.0,League One,12.0,56.0,League One,11.0,67.0,League One,21.0,47.0,League Two,24.0,39.0,National League,6.0,78.0,National League,2.0,95.0,National League,2.0,82.0,League Two,6.0,73.0,,,,League Two,7.0,73.0,League Two,9.0,75.0,League Two,12.0,58.0,League Two,16.0,57.0,League Two,20.0,51.0,20,3,League One,303
Lincoln,,,,,,,,,,,,,,,,,,,,,,,,,,,,,,,,,,League Two,9.0,54.0,League Two,7.0,66.0,League Two,5.0,74.0,League Two,15.0,58.0,League Two,15.0,59.0,League Two,20.0,50.0,League Two,23.0,47.0,National League,17.0,49.0,National League,16.0,56.0,National League,14.0,65.0,National League,15.0,58.0,National League,13.0,61.0,National League,1.0,99.0,League Two,7.0,75.0,League Two,1.0,85.0,,,,League One,5.0,77.0,League One,17.0,52.0,League One,11.0,62.0,League One,7.0,74.0,League One,11.0,61.0,20,3,League One,305
Hartlepool,,,,,,,,,,,,,,,,,,,,,,,,,,,,,,,,,,League One,4.0,55.0,League One,21.0,50.0,League Two,2.0,88.0,League One,16.0,54.0,League One,19.0,50.0,League One,16.0,53.0,League One,16.0,57.0,League One,13.0,56.0,League One,24.0,41.0,League Two,20.0,53.0,League Two,22.0,45.0,League Two,16.0,51.0,League Two,23.0,46.0,National League,15.0,56.0,National League,17.0,59.0,National League,9.0,55.0,,,,League Two,17.0,54.0,League Two,23.0,43.0,National League,12.0,60.0,National League,11.0,60.0,20,3,League One,304
Luton,,,,,,,,,,,,,,,,,,,,,,,,,,,,,,,,,,League One,2.0,59.0,Championship,10.0,61.0,Championship,24.0,40.0,League One,23.0,43.0,League Two,16.0,56.0,,,,National League,3.0,84.0,National League,5.0,81.0,National League,7.0,67.0,National League,1.0,101.0,League Two,8.0,68.0,League Two,11.0,66.0,League Two,4.0,77.0,League Two,2.0,88.0,League One,1.0,94.0,Championship,20.0,51.0,Championship,12.0,62.0,Championship,6.0,75.0,Championship,3.0,80.0,Premier League,18.0,26.0,Championship,22.0,49.0,20,5,Championship,118
Peterboro,,,,,,,,,,,,,,,,,,,,,,,,,,,,,,,,,,League One,22.0,25.0,League Two,9.0,62.0,League Two,10.0,65.0,League Two,2.0,92.0,League One,2.0,89.0,Championship,24.0,34.0,League One,4.0,79.0,Championship,19.0,50.0,Championship,22.0,54.0,League One,6.0,74.0,League One,9.0,63.0,League One,13.0,63.0,League One,11.0,62.0,League One,9.0,64.0,League One,7.0,72.0,,,,League One,2.0,87.0,Championship,23.0,37.0,League One,6.0,77.0,League One,4.0,84.0,League One,18.0,51.0,20,3,Championship,219
Mansfield,,,,,,,,,,,,,,,,,,,,,,,,,,,,,,,,,,League Two,16.0,45.0,League Two,16.0,54.0,League Two,17.0,54.0,League Two,23.0,42.0,National League,11.0,66.0,,,,National League,13.0,61.0,National League,3.0,89.0,National League,1.0,95.0,League Two,11.0,60.0,League Two,21.0,48.0,League Two,12.0,64.0,League Two,12.0,66.0,League Two,8.0,72.0,League Two,4.0,76.0,League Two,21.0,38.0,League Two,16.0,58.0,League Two,7.0,77.0,League Two,8.0,75.0,League Two,3.0,86.0,League One,17.0,54.0,20,3,League One,317
Grimsby,,,,,,,,,,,,,,,,,,,,,,,,,,,,,,,,,,League Two,10.0,53.0,League Two,4.0,78.0,League Two,15.0,59.0,League Two,16.0,55.0,League Two,23.0,41.0,League Two,23.0,44.0,National League,11.0,62.0,National League,11.0,70.0,National League,4.0,83.0,National League,4.0,78.0,National League,3.0,86.0,National League,4.0,80.0,League Two,14.0,62.0,League Two,18.0,51.0,League Two,17.0,56.0,League Two,13.0,47.0,League Two,24.0,43.0,,,,League Two,11.0,61.0,League Two,21.0,49.0,League Two,9.0,68.0,20,2,League Two,404
Rochdale,,,,,,,,,,,,,,,,,,,,,,,,,,,,,,,,,,League Two,13.0,50.0,League Two,14.0,56.0,League Two,9.0,66.0,League Two,5.0,80.0,League Two,8.0,70.0,League Two,3.0,82.0,League One,9.0,68.0,League One,24.0,38.0,League Two,12.0,61.0,League Two,3.0,81.0,League One,8.0,63.0,League One,10.0,69.0,League One,9.0,69.0,League One,20.0,51.0,League One,16.0,54.0,,,,League One,21.0,47.0,League Two,18.0,53.0,League Two,24.0,38.0,National League,11.0,62.0,National League,4.0,74.0,20,3,League One,308
Doncaster,,,,,,,,,,,,,,,,,,,,,,,,,,,,,,,,,,League One,10.0,47.0,League One,8.0,69.0,League One,11.0,63.0,League One,4.0,80.0,Championship,14.0,58.0,Championship,12.0,60.0,Championship,21.0,48.0,Championship,24.0,36.0,League One,1.0,84.0,Championship,22.0,44.0,League One,13.0,61.0,League One,21.0,46.0,League Two,3.0,85.0,League One,15.0,56.0,League One,6.0,73.0,,,,League One,14.0,64.0,League One,22.0,38.0,League Two,18.0,55.0,League Two,5.0,71.0,League Two,1.0,84.0,20,3,Championship,212
Bristol Rvs,,,,,,,,,,,,,,,,,,,,,,,,,,,,,,,,,,League Two,14.0,48.0,League Two,12.0,60.0,League Two,6.0,72.0,League One,17.0,53.0,League One,11.0,63.0,League One,11.0,62.0,League One,23.0,45.0,League Two,13.0,57.0,League Two,14.0,60.0,League Two,23.0,50.0,National League,2.0,91.0,League Two,3.0,85.0,League One,10.0,66.0,League One,13.0,59.0,League One,15.0,54.0,,,,League One,24.0,38.0,League Two,3.0,80.0,League One,17.0,53.0,League One,16.0,57.0,League One,22.0,43.0,20,3,League One,310
Wycombe,,,,,,,,,,,,,,,,,,,,,,,,,,,,,,,,,,League Two,12.0,52.0,League Two,6.0,71.0,League Two,12.0,62.0,League Two,7.0,78.0,League Two,3.0,78.0,League One,22.0,45.0,League Two,3.0,80.0,League One,21.0,43.0,League Two,15.0,60.0,League Two,22.0,50.0,League Two,4.0,84.0,League Two,13.0,64.0,League Two,9.0,69.0,League Two,3.0,84.0,League One,17.0,53.0,,,,Championship,23.0,43.0,League One,6.0,83.0,League One,9.0,69.0,League One,11.0,65.0,League One,5.0,84.0,20,3,Championship,223
Blackpool,,,,,,,,,,,,,,,,,,,,,,,,,,,,,,,,,,League One,17.0,37.0,League One,19.0,53.0,League One,3.0,83.0,Championship,19.0,54.0,Championship,16.0,56.0,Championship,6.0,70.0,Premier League,19.0,39.0,Championship,5.0,75.0,Championship,15.0,59.0,Championship,20.0,46.0,Championship,24.0,26.0,League One,22.0,46.0,League Two,7.0,70.0,League One,12.0,60.0,League One,10.0,62.0,,,,League One,3.0,80.0,Championship,16.0,60.0,Championship,24.0,44.0,League One,8.0,73.0,League One,9.0,67.0,20,4,Championship,119
Carlisle,,,,,,,,,,,,,,,,,,,,,,,,,,,,,,,,,,,,,League Two,1.0,86.0,League One,8.0,68.0,League One,5.0,80.0,League One,20.0,50.0,League One,14.0,58.0,League One,12.0,59.0,League One,8.0,69.0,League One,17.0,55.0,League One,22.0,45.0,League Two,20.0,50.0,League Two,10.0,67.0,League Two,6.0,71.0,League Two,10.0,67.0,League Two,11.0,68.0,League Two,18.0,42.0,League Two,10.0,66.0,League Two,20.0,53.0,League Two,5.0,76.0,League One,24.0,30.0,League Two,23.0,42.0,20,2,League One,305
Shrewsbury,,,,,,,,,,,,,,,,,,,,,,,,,,,,,,,,,,League Two,21.0,36.0,League Two,10.0,61.0,League Two,7.0,71.0,League Two,18.0,50.0,League Two,9.0,69.0,League Two,12.0,63.0,League Two,4.0,79.0,League Two,2.0,88.0,League One,16.0,55.0,League One,23.0,42.0,League Two,2.0,89.0,League One,20.0,50.0,League One,18.0,51.0,League One,3.0,87.0,League One,18.0,52.0,,,,League One,17.0,54.0,League One,18.0,50.0,League One,12.0,59.0,League One,19.0,48.0,League One,24.0,33.0,20,2,League One,303
Rotherham,,,,,,,,,,,,,,,,,,,,,,,,,,,,,,,,,,Championship,24.0,20.0,League One,20.0,52.0,League One,21.0,48.0,League Two,8.0,74.0,League Two,5.0,75.0,League Two,5.0,73.0,League Two,9.0,66.0,League Two,11.0,67.0,League Two,2.0,79.0,League One,4.0,86.0,Championship,20.0,49.0,Championship,21.0,49.0,Championship,24.0,23.0,League One,4.0,79.0,Championship,22.0,40.0,,,,Championship,24.0,42.0,League One,2.0,90.0,Championship,19.0,50.0,Championship,24.0,27.0,League One,13.0,59.0,20,3,Championship,219
Gillingham,,,,,,,,,,,,,,,,,,,,,,,,,,,,,,,,,,Championship,21.0,33.0,League One,14.0,60.0,League One,16.0,59.0,League One,22.0,46.0,League Two,6.0,75.0,League One,21.0,50.0,League Two,8.0,68.0,League Two,8.0,70.0,League Two,1.0,83.0,League One,18.0,53.0,League One,12.0,62.0,League One,9.0,69.0,League One,20.0,50.0,League One,17.0,56.0,League One,13.0,55.0,,,,League One,10.0,67.0,League One,21.0,40.0,League Two,17.0,55.0,League Two,12.0,64.0,League Two,17.0,58.0,20,3,Championship,221
Scunthorpe,,,,,,,,,,,,,,,,,,,,,,,,,,,,,,,,,,League Two,2.0,64.0,League One,12.0,60.0,League One,1.0,91.0,Championship,23.0,46.0,League One,6.0,76.0,Championship,21.0,52.0,Championship,24.0,42.0,League One,18.0,52.0,League One,21.0,48.0,League Two,2.0,81.0,League One,16.0,56.0,League One,7.0,74.0,League One,3.0,82.0,League One,5.0,74.0,League One,23.0,46.0,League Two,20.0,40.0,League Two,22.0,48.0,League Two,24.0,26.0,National League,23.0,34.0,,,,,,,19,4,Championship,221
Southend,,,,,,,,,,,,,,,,,,,,,,,,,,,,,,,,,,League Two,3.0,63.0,League One,1.0,82.0,Championship,23.0,42.0,League One,6.0,76.0,League One,8.0,71.0,League One,23.0,43.0,League Two,13.0,61.0,League Two,4.0,83.0,League Two,11.0,61.0,League Two,5.0,72.0,League Two,5.0,84.0,League One,15.0,59.0,League One,7.0,72.0,League One,10.0,63.0,League One,19.0,50.0,,,,League Two,23.0,45.0,,,,National League,8.0,69.0,National League,6.0,75.0,National League,7.0,68.0,19,4,Championship,223
Chesterfield,,,,,,,,,,,,,,,,,,,,,,,,,,,,,,,,,,League One,16.0,38.0,League One,16.0,56.0,League One,22.0,47.0,League Two,9.0,69.0,League Two,13.0,63.0,League Two,8.0,70.0,League Two,1.0,86.0,League One,22.0,42.0,League Two,8.0,67.0,League Two,1.0,84.0,League One,6.0,69.0,League One,18.0,53.0,League One,24.0,37.0,League Two,24.0,38.0,National League,15.0,59.0,National League,19.0,44.0,,,,,,,National League,3.0,84.0,National League,1.0,98.0,League Two,7.0,70.0,19,3,League One,306
Notts County,,,,,,,,,,,,,,,,,,,,,,,,,,,,,,,,,,League Two,22.0,36.0,League Two,21.0,52.0,League Two,13.0,62.0,League Two,21.0,48.0,League Two,21.0,47.0,League Two,1.0,93.0,League One,20.0,50.0,League One,7.0,73.0,League One,12.0,65.0,League One,20.0,50.0,League One,21.0,50.0,League Two,17.0,51.0,League Two,16.0,56.0,League Two,5.0,77.0,League Two,23.0,41.0,National League,3.0,63.0,,,,,,,National League,2.0,107.0,League Two,14.0,61.0,League Two,6.0,72.0,19,3,League One,307
Exeter,,,,,,,,,,,,,,,,,,,,,,,,,,,,,,,,,,,,,,,,National League,5.0,78.0,National League,4.0,83.0,League Two,2.0,79.0,League One,19.0,51.0,League One,8.0,70.0,League One,23.0,42.0,League Two,10.0,64.0,League Two,17.0,55.0,League Two,10.0,64.0,League Two,14.0,64.0,League Two,5.0,71.0,League Two,4.0,80.0,League Two,9.0,70.0,League Two,4.0,65.0,League Two,9.0,70.0,League Two,2.0,84.0,League One,14.0,56.0,League One,13.0,61.0,League One,16.0,56.0,19,3,League One,308
Cambridge,,,,,,,,,,,,,,,,,,,,,,,,,,,,,,,,,,League Two,23.0,35.0,,,,National League,18.0,55.0,National League,2.0,86.0,National League,2.0,86.0,,,,National League,17.0,50.0,National League,9.0,71.0,National League,14.0,59.0,National League,2.0,82.0,League Two,19.0,51.0,League Two,9.0,68.0,League Two,11.0,66.0,League Two,12.0,64.0,League Two,21.0,47.0,League Two,16.0,45.0,League Two,2.0,80.0,League One,14.0,58.0,League One,20.0,46.0,League One,18.0,48.0,League One,23.0,38.0,19,3,League One,314
Morecambe,,,,,,,,,,,,,,,,,,,,,,,,,,,,,,,,,,,,,,,,National League,3.0,81.0,League Two,11.0,60.0,League Two,14.0,63.0,League Two,4.0,73.0,League Two,21.0,51.0,League Two,15.0,56.0,League Two,16.0,58.0,League Two,19.0,54.0,League Two,11.0,63.0,League Two,21.0,46.0,League Two,18.0,52.0,League Two,22.0,46.0,League Two,18.0,54.0,League Two,23.0,32.0,League Two,4.0,78.0,League One,19.0,42.0,League One,22.0,44.0,League Two,15.0,61.0,League Two,24.0,36.0,19,3,League One,319
Oxford,,,,,,,,,,,,,,,,,,,,,,,,,,,,,,,,,,League Two,11.0,53.0,League Two,23.0,49.0,National League,2.0,81.0,National League,9.0,71.0,National League,5.0,82.0,,,,League Two,12.0,63.0,League Two,10.0,68.0,League Two,9.0,65.0,League Two,8.0,62.0,League Two,13.0,61.0,League Two,2.0,86.0,League One,8.0,69.0,League One,16.0,56.0,League One,12.0,60.0,,,,League One,6.0,74.0,League One,8.0,76.0,League One,19.0,47.0,League One,5.0,77.0,Championship,17.0,53.0,19,4,Championship,217
Wrexham,,,,,,,,,,,,,,,,,,,,,,,,,,,,,,,,,,League One,19.0,35.0,League Two,13.0,59.0,League Two,19.0,51.0,League Two,24.0,40.0,National League,10.0,66.0,,,,National League,4.0,81.0,National League,2.0,98.0,National League,5.0,80.0,National League,18.0,59.0,National League,11.0,66.0,National League,8.0,69.0,National League,13.0,58.0,National League,10.0,70.0,National League,4.0,84.0,National League,20.0,43.0,,,,,,,National League,1.0,111.0,League Two,2.0,88.0,League One,2.0,92.0,18,3,League One,302
Yeovil,,,,,,,,,,,,,,,,,,,,,,,,,,,,,,,,,,League Two,1.0,70.0,League One,15.0,56.0,League One,5.0,79.0,League One,19.0,52.0,League One,18.0,51.0,League One,15.0,53.0,League One,14.0,59.0,League One,17.0,54.0,League One,4.0,77.0,Championship,24.0,37.0,League One,24.0,40.0,League Two,19.0,48.0,League Two,20.0,50.0,League Two,19.0,48.0,League Two,24.0,40.0,National League,4.0,60.0,,,,,,,National League,22.0,40.0,,,,National League,18.0,56.0,18,4,Championship,224
Accrington,,,,,,,,,,,,,,,,,,,,,,,,,,,,,,,,,,,,,,,,League Two,20.0,50.0,League Two,17.0,51.0,League Two,18.0,50.0,League Two,15.0,61.0,League Two,5.0,73.0,League Two,14.0,57.0,League Two,18.0,54.0,League Two,15.0,57.0,League Two,17.0,56.0,League Two,4.0,85.0,League Two,13.0,65.0,League Two,1.0,93.0,League One,14.0,55.0,,,,League One,11.0,67.0,League One,12.0,61.0,League One,23.0,44.0,League Two,17.0,57.0,League Two,21.0,50.0,18,2,League One,311
Barnet,,,,,,,,,,,,,,,,,,,,,,,,,,,,,,,,,,,,,League Two,18.0,54.0,League Two,14.0,59.0,League Two,12.0,60.0,League Two,19.0,48.0,League Two,21.0,48.0,League Two,22.0,48.0,League Two,22.0,46.0,League Two,23.0,51.0,National League,8.0,70.0,National League,1.0,92.0,League Two,15.0,62.0,League Two,15.0,57.0,League Two,23.0,46.0,National League,13.0,60.0,National League,11.0,54.0,,,,,,,National League,5.0,74.0,National League,2.0,86.0,National League,1.0,102.0,18,2,League Two,412
Stevenage,,,,,,,,,,,,,,,,,,,,,,,,,,,,,,,,,,,,,,,,National League,8.0,70.0,National League,6.0,79.0,National League,6.0,81.0,,,,League Two,7.0,69.0,League One,6.0,73.0,League One,18.0,54.0,League One,24.0,42.0,League Two,6.0,72.0,League Two,18.0,48.0,League Two,10.0,67.0,League Two,16.0,55.0,League Two,10.0,70.0,League Two,24.0,22.0,League Two,14.0,60.0,League Two,21.0,47.0,League Two,2.0,85.0,League One,9.0,71.0,League One,14.0,57.0,18,3,League One,306
Burton,,,,,,,,,,,,,,,,,,,,,,,,,,,,,,,,,,,,,,,,National League,6.0,75.0,National League,5.0,81.0,National League,1.0,88.0,League Two,13.0,62.0,League Two,20.0,51.0,League Two,17.0,54.0,League Two,4.0,76.0,League Two,6.0,72.0,League Two,1.0,94.0,League One,2.0,85.0,Championship,20.0,52.0,Championship,23.0,41.0,League One,9.0,63.0,,,,League One,16.0,57.0,League One,16.0,53.0,League One,15.0,56.0,League One,20.0,46.0,League One,20.0,47.0,18,4,Championship,220
Crawley Town,,,,,,,,,,,,,,,,,,,,,,,,,,,,,,,,,,,,,,,,National League,10.0,63.0,National League,14.0,66.0,National League,9.0,71.0,,,,National League,1.0,105.0,League Two,3.0,84.0,League One,10.0,68.0,League One,15.0,57.0,League One,22.0,50.0,League Two,20.0,47.0,League Two,19.0,51.0,League Two,14.0,59.0,League Two,19.0,53.0,League Two,12.0,48.0,League Two,12.0,61.0,League Two,12.0,61.0,League Two,22.0,46.0,League Two,7.0,70.0,League One,21.0,46.0,18,3,League One,310
Forest Green,,,,,,,,,,,,,,,,,,,,,,,,,,,,,,,,,,,,,,,,National League,15.0,57.0,National League,8.0,71.0,National League,18.0,52.0,,,,National League,20.0,46.0,National League,10.0,70.0,National League,10.0,65.0,National League,11.0,67.0,National League,5.0,82.0,National League,2.0,89.0,National League,3.0,86.0,League Two,21.0,47.0,League Two,5.0,74.0,League Two,11.0,49.0,League Two,6.0,73.0,League Two,1.0,84.0,League One,24.0,27.0,League Two,24.0,42.0,National League,3.0,83.0,18,3,League One,324
Dag and Red,,,,,,,,,,,,,,,,,,,,,,,,,,,,,,,,,,,,,,,,National League,1.0,95.0,League Two,20.0,49.0,League Two,10.0,68.0,League Two,7.0,72.0,League One,22.0,47.0,League Two,19.0,50.0,League Two,22.0,51.0,League Two,9.0,60.0,League Two,14.0,59.0,League Two,23.0,34.0,National League,4.0,84.0,National League,11.0,68.0,National League,18.0,56.0,National League,18.0,44.0,,,,,,,National League,10.0,63.0,National League,15.0,56.0,National League,21.0,52.0,17,3,League One,322
Aldershot,,,,,,,,,,,,,,,,,,,,,,,,,,,,,,,,,,,,,,,,National League,9.0,65.0,National League,1.0,101.0,League Two,17.0,54.0,League Two,6.0,72.0,League Two,14.0,61.0,League Two,12.0,66.0,League Two,24.0,48.0,National League,15.0,61.0,National League,18.0,53.0,National League,15.0,56.0,National League,5.0,82.0,National League,5.0,75.0,National League,21.0,44.0,National League,16.0,46.0,,,,,,,National League,18.0,53.0,National League,9.0,69.0,National League,16.0,57.0,17,2,League Two,406
Macclesfield,,,,,,,,,,,,,,,,,,,,,,,,,,,,,,,,,,League Two,5.0,60.0,League Two,17.0,54.0,League Two,22.0,48.0,League Two,19.0,50.0,League Two,22.0,47.0,League Two,19.0,54.0,League Two,15.0,55.0,League Two,24.0,37.0,National League,11.0,63.0,National League,16.0,61.0,National League,6.0,78.0,National League,10.0,66.0,National League,9.0,68.0,National League,1.0,92.0,League Two,22.0,44.0,League Two,22.0,36.0,,,,,,,,,,,,,,,,16,2,League Two,405
Torquay,,,,,,,,,,,,,,,,,,,,,,,,,,,,,,,,,,League One,24.0,19.0,League Two,20.0,52.0,League Two,24.0,35.0,National League,3.0,86.0,National League,4.0,83.0,League Two,17.0,57.0,League Two,6.0,69.0,League Two,5.0,81.0,League Two,19.0,53.0,League Two,24.0,45.0,National League,13.0,61.0,National League,18.0,51.0,National League,17.0,53.0,National League,22.0,42.0,,,,National League,15.0,48.0,,,,,,,National League,21.0,48.0,,,,,,,16,3,League One,324
Newport County,,,,,,,,,,,,,,,,,,,,,,,,,,,,,,,,,,,,,,,,,,,,,,,,,,,,National League,9.0,69.0,National League,19.0,47.0,National League,3.0,85.0,League Two,14.0,58.0,League Two,9.0,65.0,League Two,22.0,43.0,League Two,22.0,48.0,League Two,11.0,64.0,League Two,7.0,71.0,League Two,15.0,46.0,League Two,5.0,73.0,League Two,11.0,69.0,League Two,15.0,57.0,League Two,18.0,55.0,League Two,22.0,49.0,15,2,League Two,405
Bury,,,,,,,,,,,,,,,,,,,,,,,,,,,,,,,,,,League Two,15.0,46.0,League Two,19.0,53.0,League Two,21.0,50.0,League Two,13.0,59.0,League Two,4.0,78.0,League Two,9.0,69.0,League Two,2.0,81.0,League One,14.0,56.0,League One,23.0,41.0,League Two,12.0,59.0,League Two,3.0,85.0,League One,14.0,60.0,League One,19.0,50.0,League One,24.0,36.0,League Two,2.0,79.0,,,,,,,,,,,,,,,,,,,15,2,League One,314
AFC Wimbledon,,,,,,,,,,,,,,,,,,,,,,,,,,,,,,,,,,,,,,,,,,,,,,,,,,,,National League,2.0,90.0,League Two,16.0,54.0,League Two,20.0,53.0,League Two,16.0,56.0,League Two,15.0,58.0,League Two,7.0,75.0,League One,15.0,57.0,League One,18.0,53.0,League One,20.0,50.0,,,,League One,19.0,51.0,League One,23.0,37.0,League Two,21.0,48.0,League Two,10.0,65.0,League Two,5.0,73.0,14,3,League One,315
Barrow,,,,,,,,,,,,,,,,,,,,,,,,,,,,,,,,,,,,,,,,,,,,,,National League,20.0,51.0,,,,National League,18.0,50.0,National League,13.0,60.0,National League,22.0,46.0,,,,,,,National League,11.0,65.0,National League,7.0,75.0,National League,20.0,49.0,National League,11.0,64.0,National League,1.0,70.0,League Two,21.0,50.0,League Two,22.0,44.0,League Two,9.0,62.0,League Two,8.0,69.0,League Two,16.0,59.0,14,2,League Two,408
Fleetwood Town,,,,,,,,,,,,,,,,,,,,,,,,,,,,,,,,,,,,,,,,,,,,,,,,,,,,National League,5.0,78.0,National League,1.0,103.0,League Two,13.0,60.0,League Two,4.0,76.0,League One,10.0,63.0,League One,19.0,51.0,League One,4.0,82.0,League One,14.0,57.0,League One,11.0,61.0,,,,League One,15.0,60.0,League One,20.0,40.0,League One,13.0,58.0,League One,22.0,43.0,League Two,14.0,60.0,14,3,League One,304
York,,,,,,,,,,,,,,,,,,,,,,,,,,,,,,,,,,,,,,,,National League,4.0,80.0,National League,15.0,62.0,National League,17.0,52.0,,,,National League,8.0,71.0,National League,4.0,83.0,League Two,17.0,55.0,League Two,7.0,71.0,League Two,18.0,52.0,League Two,24.0,34.0,National League,21.0,50.0,,,,,,,,,,,,,,,,National League,19.0,51.0,National League,20.0,53.0,National League,2.0,96.0,13,2,League Two,407
Stockport,,,,,,,,,,,,,,,,,,,,,,,,,,,,,,,,,,League One,23.0,25.0,League Two,22.0,52.0,League Two,8.0,71.0,League Two,4.0,82.0,League One,14.0,60.0,League One,24.0,25.0,League Two,24.0,41.0,National League,16.0,51.0,National League,21.0,50.0,,,,,,,,,,,,,,,,,,,National League,7.0,58.0,,,,,,,League Two,4.0,79.0,League Two,1.0,92.0,League One,3.0,87.0,13,3,League One,303
Woking,,,,,,,,,,,,,,,,,,,,,,,,,,,,,,,,,,,,,,,,National League,16.0,57.0,National League,17.0,53.0,National League,21.0,44.0,,,,,,,,,,National League,12.0,62.0,National League,10.0,68.0,National League,7.0,76.0,National League,12.0,61.0,National League,18.0,53.0,National League,21.0,48.0,,,,National League,10.0,55.0,,,,,,,National League,4.0,82.0,National League,17.0,55.0,National League,15.0,58.0,13,1,National League,504
Gateshead,,,,,,,,,,,,,,,,,,,,,,,,,,,,,,,,,,,,,,,,,,,,,,,,,,,,National League,15.0,57.0,National League,8.0,74.0,National League,17.0,55.0,National League,3.0,79.0,National League,10.0,66.0,National League,9.0,67.0,National League,8.0,70.0,National League,17.0,54.0,National League,9.0,66.0,,,,,,,,,,National League,13.0,60.0,National League,7.0,75.0,National League,8.0,67.0,12,1,National League,503
Kidderminster,,,,,,,,,,,,,,,,,,,,,,,,,,,,,,,,,,League Two,24.0,31.0,,,,National League,11.0,63.0,National League,13.0,67.0,National League,7.0,79.0,,,,National League,6.0,77.0,National League,6.0,76.0,National League,2.0,93.0,National League,7.0,72.0,National League,16.0,57.0,National League,23.0,40.0,,,,,,,,,,,,,,,,,,,,,,National League,22.0,46.0,,,,11,2,League Two,424
Halifax,,,,,,,,,,,,,,,,,,,,,,,,,,,,,,,,,,,,,,,,National League,17.0,55.0,National League,18.0,52.0,,,,,,,,,,,,,,,,National League,5.0,77.0,National League,9.0,66.0,National League,21.0,48.0,,,,National League,16.0,55.0,National League,16.0,59.0,National League,6.0,58.0,,,,,,,National League,11.0,61.0,National League,8.0,71.0,National League,6.0,70.0,11,1,National League,505
Chester,,,,,,,,,,,,,,,,,,,,,,,,,,,,,,,,,,League Two,20.0,39.0,League Two,15.0,54.0,League Two,18.0,53.0,League Two,22.0,47.0,League Two,24.0,37.0,,,,,,,,,,,,,National League,21.0,51.0,National League,12.0,63.0,National League,17.0,54.0,National League,19.0,52.0,National League,23.0,37.0,,,,,,,,,,,,,,,,,,,,,,10,2,League Two,415
Altrincham,,,,,,,,,,,,,,,,,,,,,,,,,,,,,,,,,,,,,,,,National League,21.0,51.0,National League,21.0,41.0,National League,15.0,56.0,,,,National League,22.0,44.0,,,,,,,,,,National League,17.0,56.0,National League,22.0,44.0,,,,,,,,,,,,,,,,,,,National League,17.0,56.0,National League,4.0,77.0,National League,9.0,64.0,9,1,National League,504
Eastleigh,,,,,,,,,,,,,,,,,,,,,,,,,,,,,,,,,,,,,,,,,,,,,,,,,,,,,,,,,,,,,,,,National League,4.0,82.0,National League,7.0,75.0,National League,15.0,57.0,National League,14.0,56.0,National League,7.0,74.0,National League,17.0,46.0,,,,,,,National League,9.0,67.0,National League,13.0,59.0,National League,13.0,59.0,9,1,National League,504
Ebbsfleet,,,,,,,,,,,,,,,,,,,,,,,,,,,,,,,,,,,,,,,,,,,National League,11.0,69.0,National League,14.0,58.0,,,,,,,National League,14.0,54.0,National League,23.0,39.0,,,,,,,,,,,,,National League,6.0,74.0,National League,8.0,67.0,National League,21.0,42.0,,,,,,,,,,National League,19.0,54.0,National League,24.0,22.0,9,1,National League,506
Bromley,,,,,,,,,,,,,,,,,,,,,,,,,,,,,,,,,,,,,,,,,,,,,,,,,,,,,,,,,,,,,,,,,,,National League,14.0,60.0,National League,10.0,62.0,National League,9.0,70.0,National League,12.0,60.0,National League,13.0,52.0,,,,,,,National League,7.0,71.0,National League,3.0,81.0,League Two,11.0,66.0,8,2,League Two,411
Braintree Town,,,,,,,,,,,,,,,,,,,,,,,,,,,,,,,,,,,,,,,,,,,,,,,,,,,,,,,National League,12.0,62.0,National League,9.0,66.0,National League,6.0,74.0,National League,14.0,59.0,National League,3.0,81.0,National League,22.0,48.0,,,,National League,22.0,41.0,,,,,,,,,,,,,,,,National League,17.0,56.0,8,1,National League,503
Southport,,,,,,,,,,,,,,,,,,,,,,,,,,,,,,,,,,,,,,,,National League,23.0,47.0,,,,,,,,,,National League,21.0,46.0,National League,7.0,76.0,National League,20.0,54.0,National League,19.0,53.0,National League,19.0,51.0,National League,16.0,55.0,National League,23.0,39.0,,,,,,,,,,,,,,,,,,,,,,,,,8,1,National League,507
Darlington,,,,,,,,,,,,,,,,,,,,,,,,,,,,,,,,,,League Two,6.0,56.0,League Two,8.0,63.0,League Two,11.0,65.0,League Two,6.0,78.0,League Two,7.0,72.0,League Two,24.0,30.0,National League,7.0,71.0,National League,21.0,46.0,,,,,,,,,,,,,,,,,,,,,,,,,,,,,,,,,,,,,,,,8,2,League Two,406
Sutton,,,,,,,,,,,,,,,,,,,,,,,,,,,,,,,,,,,,,,,,,,,,,,,,,,,,,,,,,,,,,,,,,,,,,,National League,12.0,58.0,National League,3.0,79.0,National League,10.0,65.0,National League,14.0,50.0,,,,League Two,8.0,76.0,League Two,14.0,58.0,League Two,23.0,42.0,National League,12.0,60.0,8,2,League Two,408
Hereford,,,,,,,,,,,,,,,,,,,,,,,,,,,,,,,,,,,,,,,,League Two,16.0,55.0,League Two,3.0,88.0,League One,24.0,34.0,League Two,16.0,59.0,League Two,16.0,53.0,League Two,23.0,44.0,National League,6.0,70.0,National League,20.0,51.0,,,,,,,,,,,,,,,,,,,,,,,,,,,,,,,,,,8,3,League One,324
Boreham Wood,,,,,,,,,,,,,,,,,,,,,,,,,,,,,,,,,,,,,,,,,,,,,,,,,,,,,,,,,,,,,,,,,,,National League,19.0,50.0,National League,11.0,58.0,National League,4.0,75.0,National League,20.0,52.0,National League,5.0,60.0,,,,,,,National League,6.0,72.0,National League,21.0,52.0,,,,7,1,National League,504
Harrogate,,,,,,,,,,,,,,,,,,,,,,,,,,,,,,,,,,,,,,,,,,,,,,,,,,,,,,,,,,,,,,,,,,,,,,,,,,,,National League,6.0,74.0,National League,2.0,66.0,League Two,17.0,57.0,League Two,19.0,53.0,League Two,19.0,52.0,League Two,13.0,63.0,League Two,18.0,53.0,7,2,League Two,413
Wimbledon,Premier League,6.0,65.0,Premier League,9.0,56.0,Premier League,14.0,41.0,Premier League,8.0,56.0,Premier League,15.0,44.0,Premier League,16.0,42.0,Premier League,18.0,33.0,,,,,,,,,,,,,,,,,,,,,,,,,,,,,,,,,,,,,,,,,,,,,,,,,,,,,,,,,,,,,,,,,,,,,,,,,,,,7,1,Premier League,106
Salford,,,,,,,,,,,,,,,,,,,,,,,,,,,,,,,,,,,,,,,,,,,,,,,,,,,,,,,,,,,,,,,,,,,,,,,,,,,,National League,3.0,85.0,League Two,10.0,50.0,League Two,8.0,71.0,League Two,10.0,70.0,League Two,7.0,75.0,League Two,20.0,51.0,League Two,8.0,69.0,7,2,League Two,407
Solihull,,,,,,,,,,,,,,,,,,,,,,,,,,,,,,,,,,,,,,,,,,,,,,,,,,,,,,,,,,,,,,,,,,,,,,National League,16.0,55.0,National League,18.0,54.0,National League,2.0,86.0,National League,8.0,55.0,,,,,,,National League,15.0,58.0,National League,5.0,76.0,National League,14.0,58.0,7,1,National League,502
Tamworth,,,,,,,,,,,,,,,,,,,,,,,,,,,,,,,,,,,,,,,,National League,22.0,48.0,,,,,,,,,,National League,19.0,49.0,National League,18.0,48.0,National League,19.0,55.0,National League,23.0,39.0,,,,,,,,,,,,,,,,,,,,,,,,,,,,,,,National League,10.0,64.0,6,1,National League,510
Rushden & D,,,,,,,,,,,,,,,,,,,,,,,,,,,,,,,,,,League Two,19.0,39.0,League Two,24.0,45.0,National League,13.0,62.0,National League,16.0,59.0,National League,12.0,63.0,,,,National League,12.0,62.0,,,,,,,,,,,,,,,,,,,,,,,,,,,,,,,,,,,,,,,,,,,6,2,League Two,419
Maidenhead,,,,,,,,,,,,,,,,,,,,,,,,,,,,,,,,,,,,,,,,,,,,,,,,,,,,,,,,,,,,,,,,,,,,,,,,,National League,12.0,64.0,National League,19.0,54.0,National League,22.0,41.0,,,,,,,National League,20.0,50.0,National League,14.0,58.0,National League,22.0,52.0,6,1,National League,512
Dover Athletic,,,,,,,,,,,,,,,,,,,,,,,,,,,,,,,,,,,,,,,,,,,,,,,,,,,,,,,,,,,,,,,,National League,8.0,68.0,National League,5.0,80.0,National League,6.0,79.0,National League,8.0,73.0,National League,14.0,60.0,National League,12.0,54.0,,,,,,,,,,,,,,,,6,1,National League,505
Fylde,,,,,,,,,,,,,,,,,,,,,,,,,,,,,,,,,,,,,,,,,,,,,,,,,,,,,,,,,,,,,,,,,,,,,,,,,National League,7.0,73.0,National League,5.0,81.0,National League,23.0,39.0,,,,,,,,,,National League,18.0,55.0,National League,23.0,40.0,5,1,National League,505
Maidstone,,,,,,,,,,,,,,,,,,,,,,,,,,,,,,,,,,,,,,,,,,,,,,,,,,,,,,,,,,,,,,,,,,,,,,National League,14.0,58.0,National League,19.0,54.0,National League,24.0,34.0,,,,,,,,,,National League,24.0,25.0,,,,,,,4,1,National League,514
Alfreton Town,,,,,,,,,,,,,,,,,,,,,,,,,,,,,,,,,,,,,,,,,,,,,,,,,,,,,,,National League,15.0,54.0,National League,13.0,60.0,National League,9.0,70.0,National League,21.0,45.0,,,,,,,,,,,,,,,,,,,,,,,,,,,,,,,4,1,National League,509
Weymouth,,,,,,,,,,,,,,,,,,,,,,,,,,,,,,,,,,,,,,,,National League,12.0,63.0,National League,19.0,46.0,National League,23.0,43.0,,,,,,,,,,,,,,,,,,,,,,,,,,,,,,,,,,,,,,,,,,,,,,,,,3,1,National League,512
Welling United,,,,,,,,,,,,,,,,,,,,,,,,,,,,,,,,,,,,,,,,,,,,,,,,,,,,,,,,,,,,,National League,17.0,60.0,National League,20.0,45.0,National League,24.0,35.0,,,,,,,,,,,,,,,,,,,,,,,,,,,,3,1,National League,517
Wealdstone,,,,,,,,,,,,,,,,,,,,,,,,,,,,,,,,,,,,,,,,,,,,,,,,,,,,,,,,,,,,,,,,,,,,,,,,,,,,,,,,,,,,,,,,National League,14.0,60.0,National League,16.0,56.0,National League,20.0,53.0,3,1,National League,514
Kettering Town,,,,,,,,,,,,,,,,,,,,,,,,,,,,,,,,,,,,,,,,,,,,,,National League,8.0,76.0,,,,National League,14.0,58.0,National League,23.0,33.0,,,,,,,,,,,,,,,,,,,,,,,,,,,,,,,,,,,,,,,,3,1,National League,508
Guiseley,,,,,,,,,,,,,,,,,,,,,,,,,,,,,,,,,,,,,,,,,,,,,,,,,,,,,,,,,,,,,,,,,,,National League,20.0,49.0,National League,20.0,51.0,National League,24.0,33.0,,,,,,,,,,,,,,,,,,,,,,3,1,National League,520
Grays,,,,,,,,,,,,,,,,,,,,,,,,,,,,,,,,,,,,,,,,National League,19.0,52.0,National League,10.0,70.0,National League,19.0,52.0,,,,,,,,,,,,,,,,,,,,,,,,,,,,,,,,,,,,,,,,,,,,,,,,,3,1,National League,510
Salisbury,,,,,,,,,,,,,,,,,,,,,,,,,,,,,,,,,,,,,,,,,,,National League,12.0,68.0,National League,16.0,55.0,,,,,,,,,,,,,National League,12.0,67.0,,,,,,,,,,,,,,,,,,,,,,,,,,,,,,,,,,3,1,National League,512
Nuneaton Town,,,,,,,,,,,,,,,,,,,,,,,,,,,,,,,,,,,,,,,,,,,,,,,,,,,,,,,,,,National League,15.0,57.0,National League,13.0,66.0,National League,24.0,39.0,,,,,,,,,,,,,,,,,,,,,,,,,,,,,,,3,1,National League,513
Northwich,,,,,,,,,,,,,,,,,,,,,,,,,,,,,,,,,,,,,,,,National League,14.0,58.0,National League,20.0,44.0,National League,22.0,43.0,,,,,,,,,,,,,,,,,,,,,,,,,,,,,,,,,,,,,,,,,,,,,,,,,3,1,National League,514
Boston,,,,,,,,,,,,,,,,,,,,,,,,,,,,,,,,,,League Two,17.0,44.0,League Two,11.0,61.0,League Two,23.0,46.0,,,,,,,,,,,,,,,,,,,,,,,,,,,,,,,,,,,,,,,,,,,,,,,,,,,,,,,3,1,League Two,411
Dartford,,,,,,,,,,,,,,,,,,,,,,,,,,,,,,,,,,,,,,,,,,,,,,,,,,,,,,,,,,National League,8.0,66.0,National League,22.0,44.0,National League,23.0,39.0,,,,,,,,,,,,,,,,,,,,,,,,,,,,,,,3,1,National League,508
Histon,,,,,,,,,,,,,,,,,,,,,,,,,,,,,,,,,,,,,,,,,,,National League,7.0,72.0,National League,3.0,83.0,,,,National League,24.0,33.0,,,,,,,,,,,,,,,,,,,,,,,,,,,,,,,,,,,,,,,,,,,3,1,National League,503
Bath City,,,,,,,,,,,,,,,,,,,,,,,,,,,,,,,,,,,,,,,,,,,,,,,,,,,,National League,10.0,63.0,National League,24.0,31.0,,,,,,,,,,,,,,,,,,,,,,,,,,,,,,,,,,,,,,,,2,1,National League,510
Dorking,,,,,,,,,,,,,,,,,,,,,,,,,,,,,,,,,,,,,,,,,,,,,,,,,,,,,,,,,,,,,,,,,,,,,,,,,,,,,,,,,,,,,,,,National League,16.0,57.0,National League,23.0,45.0,,,,2,1,National League,516
Eastbourne Borough,,,,,,,,,,,,,,,,,,,,,,,,,,,,,,,,,,,,,,,,,,,,,,National League,13.0,60.0,,,,National League,23.0,39.0,,,,,,,,,,,,,,,,,,,,,,,,,,,,,,,,,,,,,,,,,,,2,1,National League,513
Stafford Rangers,,,,,,,,,,,,,,,,,,,,,,,,,,,,,,,,,,,,,,,,National League,20.0,52.0,National League,23.0,25.0,,,,,,,,,,,,,,,,,,,,,,,,,,,,,,,,,,,,,,,,,,,,,,,,,,,,2,1,National League,520
Hayes & Yeading,,,,,,,,,,,,,,,,,,,,,,,,,,,,,,,,,,,,,,,,,,,,,,,,,,,,National League,16.0,51.0,National League,22.0,41.0,,,,,,,,,,,,,,,,,,,,,,,,,,,,,,,,,,,,,,,,2,1,National League,516
Hyde United,,,,,,,,,,,,,,,,,,,,,,,,,,,,,,,,,,,,,,,,,,,,,,,,,,,,,,,,,,National League,18.0,55.0,National League,24.0,10.0,,,,,,,,,,,,,,,,,,,,,,,,,,,,,,,,,,2,1,National League,518
Telford United,,,,,,,,,,,,,,,,,,,,,,,,,,,,,,,,,,,,,,,,,,,,,,,,,,,,,,,,,,National League,24.0,35.0,,,,National League,22.0,39.0,,,,,,,,,,,,,,,,,,,,,,,,,,,,,,,2,1,National League,522
Havant & Waterlooville,,,,,,,,,,,,,,,,,,,,,,,,,,,,,,,,,,,,,,,,,,,,,,,,,,,,,,,,,,,,,,,,,,,,,,,,,,,,National League,23.0,40.0,,,,,,,,,,,,,,,,,,,1,1,National League,523
St. Albans,,,,,,,,,,,,,,,,,,,,,,,,,,,,,,,,,,,,,,,,National League,24.0,40.0,,,,,,,,,,,,,,,,,,,,,,,,,,,,,,,,,,,,,,,,,,,,,,,,,,,,,,,1,1,National League,524
Gravesend,,,,,,,,,,,,,,,,,,,,,,,,,,,,,,,,,,,,,,,,National League,7.0,74.0,,,,,,,,,,,,,,,,,,,,,,,,,,,,,,,,,,,,,,,,,,,,,,,,,,,,,,,1,1,National League,507
Farsley,,,,,,,,,,,,,,,,,,,,,,,,,,,,,,,,,,,,,,,,,,,National League,22.0,39.0,,,,,,,,,,,,,,,,,,,,,,,,,,,,,,,,,,,,,,,,,,,,,,,,,,,,1,1,National League,522
Droylsden,,,,,,,,,,,,,,,,,,,,,,,,,,,,,,,,,,,,,,,,,,,National League,24.0,24.0,,,,,,,,,,,,,,,,,,,,,,,,,,,,,,,,,,,,,,,,,,,,,,,,,,,,1,1,National League,524
Lewes,,,,,,,,,,,,,,,,,,,,,,,,,,,,,,,,,,,,,,,,,,,,,,National League,24.0,24.0,,,,,,,,,,,,,,,,,,,,,,,,,,,,,,,,,,,,,,,,,,,,,,,,,1,1,National League,524
Chorley,,,,,,,,,,,,,,,,,,,,,,,,,,,,,,,,,,,,,,,,,,,,,,,,,,,,,,,,,,,,,,,,,,,,,,,,,,,,,,,National League,24.0,26.0,,,,,,,,,,,,,,,,1,1,National League,524
Boston Utd,,,,,,,,,,,,,,,,,,,,,,,,,,,,,,,,,,,,,,,,,,,,,,,,,,,,,,,,,,,,,,,,,,,,,,,,,,,,,,,,,,,,,,,,,,,,,,National League,19.0,55.0,1,1,National League,519
North Ferriby,,,,,,,,,,,,,,,,,,,,,,,,,,,,,,,,,,,,,,,,,,,,,,,,,,,,,,,,,,,,,,,,,,,,,,National League,24.0,39.0,,,,,,,,,,,,,,,,,,,,,,,,,1,1,National League,524
Oxford City,,,,,,,,,,,,,,,,,,,,,,,,,,,,,,,,,,,,,,,,,,,,,,,,,,,,,,,,,,,,,,,,,,,,,,,,,,,,,,,,,,,,,,,,,,,National League,24.0,33.0,,,,1,1,National League,524
AFC Telford United,,,,,,,,,,,,,,,,,,,,,,,,,,,,,,,,,,,,,,,,,,,,,,,,,,,,,,,National League,20.0,46.0,,,,,,,,,,,,,,,,,,,,,,,,,,,,,,,,,,,,,,,,1,1,National League,520
